Player,era,Primary Team,Pos,Secondary Team,Other Team
Alejandro Crespo,1940-46,Algonoderos de Union Laguna,OF,La Junta de Nuevo Laredo,New York Cubans
Martin Dihigo,1923-45,Algonoderos de Union Laguna,P,La Junta de Nuevo Laredo,Cuban Stars East
Laureano Camacho,1940-44,Algonoderos de Union Laguna,IF/C,La Junta de Nuevo Laredo,
Nate Moreland,1940-45,Alijadores de Tampico,P,Baltimore Elite Giants,
Jimmy Direaux,1937-45,Alijadores de Tampico,IF/OF,Baltimore Elite Giants,
Angel Castro,1940-45,Alijadores de Tampico,C,,
Jimmy Direaux,1937-45,Alijadores de Tampico,P,,
Santos Amaro,1940-45,Alijadores de Tampico,OF,,
Manuel Arroyo,1940-44,Alijadores de Tampico,IF,,
Hector Rodriguez,1943-45,Alijadores de Tampico,IF,Diablos Rojos del Mexico,New York Cubans
Martin Dihigo,1922-45,Alijadores de Union Laguna,IF/OF,Cuban Stars East,New York Cubans
Gervasio Gonzalez,1901-18,Almendares,C/IF,Cuban Stars West,
Emilio Palmero,1913-27,Almendares,P,Habana,
Emilio Palomino,1901-12,Almendares,OF,Habana,
Armando Marsans,1904-27,Almendares,IF/OF,Habana,
Alfredo Cabrera,1901-27,Almendares,IF,Azul,
Jose Munoz,1901-13,Almendares,P,Habana,
Esteban Prats,1901-09,Almendares,IF,Cubano,Azul
Emilio Palomino,1901-12,Almendares,P,,
Regino Garcia,1901-14,Almendares,IF/C,Fe,Cuban Stars West
Rafael Almeida,1903-22,Almendares,IF,Habana,
Rogelio Valdes,1901-15,Almendares,IF/OF,Habana,
Manuel Cueto,1911-27,Almendares,IF,Habana,
Angel D'Meza,1901-07,Almendares,P,San Francisco,Cubano
Jose Mendez,1907-26,Almendares,P,Kanas City  Monarchs,Cuban Stars West
Adolfo Luque,1911-27,Almendares,P,Habana,
Inocencio Perez,1904-07,Almendares,P,,
Armando Cabanas,1901-15,Almendares,IF,Azul,Habana
Andres Ortega,1904-08,Azul,P,Almendares,
Salvador Hernandez,1944-45,Azules de Veracruz,C,,
Pedro Formental,1943-47,Azules de Veracruz,OF,Alijadores de Tampico,
Ramon Bragana,1928-45,Azules de Veracruz,P,,
Agustin Bejerano,1928-45,Azules de Veracruz,OF,La Junta de Nuevo Laredo,New York Lincoln Giants
Ramon Bragana,1927-45,Azules de Veracruz,P/IF,Cuban Stars East,Stars of Cuba
Ray Dandridge,1933-45,Azules de Veracruz,IF,Newark Eagles,
Hubert Lockhart,1923-29,Bacharach Giants,P,,
Charlie Mason,1922-32,Bacharach Giants,OF,New York Lincoln Giants,
Claude Grier,1924-27,Bacharach Giants,P,Washington Potomacs,
Milton Lewis,1922-28,Bacharach Giants,IF,,
Shang Johnson,1917-25,Bacharach Giants,P,Hilldale,
John Harper,1922-25,Bacharach Giants,P,,
Bill Handy,1910-22,Bacharach Giants,IF,Brooklyn Royal Giants,
Dick Lundy,1916-37,Bacharach Giants,IF,Baltimore Black Sox,
Rats Henderson,1921-31,Bacharach Giants,P,,
Oliver Marcell,1918-30,Bacharach Giants,IF,New York Lincoln Giants,
Dick Redding,1911-36,Bacharach Giants,P,Brooklyn Royal Giants,New York Lincoln Giants
Chaney White,1920-36,Bacharach Giants,OF,Hilldale,Philadelphia Stars
Doc Sykes,1914-24,Baltimore Black Sox,P,New York Lincoln Stars,
Bob McClure,1920-30,Baltimore Black Sox,P,Indianapolis ABCs,
John Beckwith,1919-37,Baltimore Black Sox,IF,Chicago American Giants,
Joe Strong,1922-37,Baltimore Black Sox,P,Homestead Grays,
Laymon Yokely,1926-44,Baltimore Black Sox,P,Philadelphia Stars,
Mack Eggleston,1919-34,Baltimore Black Sox,OF/C,Washington Potomacs,Bacharach Giants / Columbus Buckeyes / Indianapolis ABCs
Jud Wilson,1922-45,Baltimore Black Sox,IF/OF,Homestead Grays,Philadelphia Stars
Wild Bill Wright,1932-45,Baltimore Elite Giants,OF,,
Roy Campanella,1937-45,Baltimore Elite Giants,C,,
Joe Black,1943-48,Baltimore Elite Giants,P,,
Bill Hoskins,1937-46,Baltimore Elite Giants,OF,,
Andy Porter,1932-48,Baltimore Elite Giants,P,,
Bill Byrd,1933-48,Baltimore Elite Giants,P,,
Leroy Morney,1932-44,Baltimore Elite Giants,IF,Pittsburgh Crawfords,Birmingham Black Barons
Sammy Hughes,1930-46,Baltimore Elite Giants,IF,,
Johnny Washington,1936-48,Baltimore Elite Giants,IF,,
Bob Romby,1946-48,Baltimore Elite Giants,P,,
Henry Kimbro,1937-48,Baltimore Elite Giants,OF,,
George Scales,1921-46,Baltimore Elite Giants,IF,New York Lincoln Giants,
Tommy Butts,1938-48,Baltimore Elite Giants,IF,Sultanes de Monterrey,Atlanta Black Crackers
Red Moore,1936-40,Baltimore Elite Giants,IF,Atlanta Black Crackers,Newark Eagles
Willie Hubert,1939-46,Baltimore Elite Giants,P,,
Jonas Gaines,1937-48,Baltimore Elite Giants,P,Diablos Rojos del Mexico,
Zollie Wright,1932-41,Baltimore Elite Giants,OF,New York Black Yankees,
Jim Gilliam,1946-48,Baltimore Elite Giants,IF,,
Jim Willis,1928-39,Baltimore Elite Giants,P,Philadelphia Stars,Birmingham Black Barons
John Huber,1942-47,Birmingham Black Barons,P,,
Jabbo Andrews,1930-42,Birmingham Black Barons,OF,Indianapolis ABCs,
Dan Bankhead,1940-47,Birmingham Black Barons,P,,
Bill McCall,1922-31,Birmingham Black Barons,P,Chicago American Giants,Indianapolis ABCs
Sam Streeter,1921-36,Birmingham Black Barons,P,Pittsburgh Crawfords,Homestead Grays
Johnny Markham,1930-45,Birmingham Black Barons,P,Kanas City  Monarchs,
Ed Steele,1942-48,Birmingham Black Barons,OF,,
Piper Davis,1942-48,Birmingham Black Barons,IF,,
Harry Salmon,1921-35,Birmingham Black Barons,P,Homestead Grays,Memphis Red Sox
Gready McKinnis,1940-45,Birmingham Black Barons,P,Chicago American Giants,
Jimmie Newberry,1943-48,Birmingham Black Barons,P,,
Robert Poindexter,1924-29,Birmingham Black Barons,P,Chicago American Giants,Memphis Red Sox
Alfred Saylor,1941-45,Birmingham Black Barons,P,,
Poindexter Williams,1921-33,Birmingham Black Barons,C,Detroit Stars,Louisville Black Caps
Ray Sheppard,1924-32,Birmingham Black Barons,IF,Detroit Stars,
Artie Wilson,1944-48,Birmingham Black Barons,IF,,
Tommy Sampson,1937-48,Birmingham Black Barons,IF,,
Felix Mclaurin,1942-46,Birmingham Black Barons,OF,New York Black Yankees,
Charlie Spearman,1919-29,Brooklyn Royal Giants,C,,
Pop Andrews,1905-12,Brooklyn Royal Giants,P,,
Harry Buckner,1901-17,Brooklyn Royal Giants,P/OF,Cuban X Giants,
Irvin Brooks,1917-33,Brooklyn Royal Giants,OF,,
Billy Holland,1903-07,Brooklyn Royal Giants,P,,
Lefty Harvey,1912-21,Brooklyn Royal Giants,P,New York Lincoln Stars,
Eddie Douglass,1918-25,Brooklyn Royal Giants,IF,,
Pearl Webster,1911-18,Brooklyn Royal Giants,C,,
Charles Earle,1906-11,Brooklyn Royal Giants,P,,
Harry Buckner,1902-14,Brooklyn Royal Giants,P,Cuban X Giants,
Bill Kindle,1911-25,Brooklyn Royal Giants,IF,New York Lincoln Giants,
Johnson Hill,1910-28,Brooklyn Royal Giants,IF,Detroit Stars,
Charles Earle,1906-19,Brooklyn Royal Giants,OF,New York Lincoln Giants,
Jesse Hubbard,1919-35,Brooklyn Royal Giants,OF,Bacharach Giants,Baltimore Black Sox
Willis Flournoy,1919-32,Brooklyn Royal Giants,P,Baltimore Black Sox,Hildale Club
Ashby Dunbar,1906-20,Brooklyn Royal Giants,OF,Fe,
Willie Foster,1923-37,Chicago American Giants,P,Memphis Red Sox,Pittsburgh Crawfords
Alex Radcliff,1926-46,Chicago American Giants,IF,,
Willie Powell,1925-34,Chicago American Giants,P,,
Jimmie Lyons,1909-32,Chicago American Giants,OF,St.Louis Stars,
Leroy Grant,1910-24,Chicago American Giants,IF,,
Jack Marshall,1920-29,Chicago American Giants,P,Detroit Stars,
Gentry Jessup,1940-48,Chicago American Giants,P,,
Pete Hill,1904-25,Chicago American Giants,OF,Habana,Detroit Stars
Frank Wickware,1910-21,Chicago American Giants,P,,
Dave Brown,1919-31,Chicago American Giants,P,,
Ed Young,1936-47,Chicago American Giants,IF,,
Cristobal Torriente,1912-32,Chicago American Giants,P,Cuban Stars West,Alemendares
Frank Duncan,1907-28,Chicago American Giants,OF,,
Ed Rile,1919-36,Chicago American Giants,P,Indianapolis ABCs,Detroit Stars
Tom Johnson,1911-21,Chicago American Giants,P,,
Jim Brown,1919-37,Chicago American Giants,IF/C,,
Johnny Smith,1940-48,Chicago American Giants,OF,New York Black Yankees,
Jack Marshall,1926-44,Chicago American Giants,IF,,
Pythias Russ,1925-29,Chicago American Giants,IF/C,Memphis Red Sox,
Art Pennington,1941-45,Chicago American Giants,OF,,
Bill Monroe,1903-14,Chicago American Giants,IF,Brooklyn Royal Giants,
Steel Arm Davis,1920-35,Chicago American Giants,IF/OF,,
Bill Lindsay,1909-14,Chicago American Giants,P,,
Jesse Houston,1936-41,Chicago American Giants,P,Cincinnati Tigers,
Rube Foster,1902-17,Chicago American Giants,P,Chicago Leland Giants,Fe
Ed Rile,1919-36,Chicago American Giants,IF,Indianapolis ABCs,Detroit Stars
Willie Ferrell,1937-43,Chicago American Giants,P,Birmingham Black Barons,Homestead Grays
Dave Malarcher,1916-34,Chicago American Giants,IF,Indianapolis ABCs,
George Dixon,1916-34,Chicago American Giants,C,Indianapolis ABCs,
Subby Byas,1932-42,Chicago American Giants,C,Memphis Red Sox,
Jesse Barber,1910-24,Chicago American Giants,IF/OF,Bacharach Giants,
Tom Williams,1916-24,Chicago American Giants,P,Hilldale,
George Harney,1923-31,Chicago American Giants,P,,
Charles Dougherty,1909-15,Chicago American Giants,P,Chicago Leland Giants,
Dick Whitworth,1914-24,Chicago American Giants,P,Hilldale Club,
Buck Miller,1924-30,Chicago American Giants,P,Indianapolis ABCs,
Ralph Wyatt,1941-46,Chicago American Giants,IF,,
John Bissant,1937-47,Chicago American Giants,OF,,
Christobal Torriente,1912-32,Chicago American Giants,OF,Cuban Stars West,Almendares / Detroit Stars
Bobby Winston,1905-21,Chicago Giants,OF,Cuban X Giants,Habana
Walter Ball,1903-21,Chicago Giants,P,Chicago Leland Giants,Fe
George Wright,1904-13,Chicago Leland Giants,IF,New York Lincoln Giants,
Nate Harris,1902-13,Chicago Leland Giants,IF,Philadelphia Giants,Fe
Lonnie Summers,1938-41,Chihuahua,C,Alijadores de Tampico,Baltimore Elite Giants
Sam Jethroe,1938-48,Cleveland Buckeyes,OF,,
Parnell Woods,1937-45,Cleveland Buckeyes,IF,Jacksonville Red Caps,Birmingham Black Barons
Eugene Bremer,1936-48,Cleveland Buckeyes,P,Memphis Red Sox,
Archie Ware,1941-48,Cleveland Buckeyes,IF,,
Alonzo Boone,1929-47,Cleveland Buckeyes,P,Birmingham Black Barons,Memphis Red Sox
Charley Wilson,1920-26,Columbus Buckeyes,P,Detroit Stars,
Isidro Fabre,1918-35,Cuban Stars East,P,Almendares,
Alejandro Oms,1917-35,Cuban Stars East,OF,,
Juanelo Mirabal,1921-29,Cuban Stars East,P,Habana,
Evelio Calderin,1917-24,Cuban Stars East,P,Cuban Stars West,
Pelayo Chacon,1908-31,Cuban Stars East,IF,Cuban Stars West,Fe
Bernardo Baro,1915-29,Cuban Stars East,OF,Cuban Stars West,Almendares
Pedro Medina,1904-07,Cuban Stars West,P,,
Jose Junco,1911-22,Cuban Stars West,P,Fe,
Jose Suarez,1916-21,Cuban Stars West,P,Cuban Stars East,
Esteban Montalvo,1922-28,Cuban Stars West,OF,,
Heliodoro Diaz,1926-36,Cuban Stars West,P,,
Tatica Campos,1911-20,Cuban Stars West,P,Almendares,
Eustaquio Pedroso,1907-26,Cuban Stars West,IF/OF,,
Valentin Dreke,1919-27,Cuban Stars West,OF,Almendares,
Juan Padron,1915-26,Cuban Stars West,P,Chicago American Giants,Cuban Stars East
Cheo Hernandez,1915-27,Cuban Stars West,P,Almendares,Habana
Lucas Boada,1919-24,Cuban Stars West,P,Almendares,
Bienvenido Jimenez,1912-29,Cuban Stars West,IF,Habana,
Eustaquio Pedroso,1907-26,Cuban Stars West,P,Almendares,
Agustin Parpetti,1905-23,Cuban Stars West,IF,Habana,Fe / Almendares
Angel Alfonso,1924-30,Cuban Stars West,IF,Cuban Stars East,Habana
Jose LeBlanc,1918-21,Cuban Stars West,P,Habana,
Oscar Levis,1921-32,Cuban Stars East,P,Habana,Hildale Club
Pedro Dibut,1916-23,Cuban Stars West,P,Santa Clara,
Edgar Wesley,1917-27,Detroit Stars,IF,,
Turkey Stearnes,1923-40,Detroit Stars,OF,Chicago American Giants,Kanas City Monarchs
Clarence Smith,1921-33,Detroit Stars,OF,Birmingham Black Barons,
Bill Force,1921-30,Detroit Stars,P,Baltimore Black Sox,
Bill Riggins,1920-35,Detroit Stars,IF,New York Lincoln Giants,
George Mitchell,1924-41,Detroit Stars,P,Indianapolis ABCs,Kanas City Monarchs
Andy Cooper,1920-39,Detroit Stars,P,Kanas City  Monarchs,
Lewis Hampton,1921-27,Detroit Stars,P,Washington Potomacs,Indianapolis ABCs
Yellow Horse Morris,1924-30,Detroit Stars,P,Chicago American Giants,
Nelson Dean,1925-32,Detroit Stars,P,Kanas City  Monarchs,Cleveland Tigers / Memphis Red Sox
Claude Johnson,1916-30,Detroit Stars,IF,Cleveland Tate Stars,
Silvio Garcia,1936-47,Diablos Rojos del Mexico,IF,New York Cubans,
Quincy Trouppe,1930-48,Diablos Rojos del Mexico,IF/OF/C,Sultanes de Monterrey,Cleveland Buckeyes
Manuel Salvatierra,1940-44,Diablos Rojos del Mexico,OF,Azules de Veracruz,
Sergio Correa,1940-45,Diablos Rojos del Mexico,IF/C,Rojos del Aguila de Veracruz,
Leroy Matlock,1929-42,Diablos Rojos del Mexico,P,Pittsburgh Crawfords,St. Louis Stars
Julian Castillo,1901-14,Fe,IF,Habana,
Candido Fontanals,1901-05,Fe,P,San Francisco,
J.F. Marlota,1908-12,Fe,P,Carmelita,
Carlos Moran,1901-15,Fe,IF,Habana,
Jose Borges,1904-08,Fe,P,,
Luis Bustamante,1901-13,Habana,IF,Cuban Stars West,Almendares
Pedro Olave,1904-08,Habana,P,Fe,
Luis Gonzalez,1905-12,Habana,P,Fe,
Julian Perez,1907-11,Habana,P,,
Miguel Angel Gonzalez,1909-27,Habana,C,,
Grant Johnson,1901-14,Habana,IF,Brooklyn Royal Giants,
Jacinto Calvo,1912-23,Habana,OF,Almendares,
Bernardo Carrillo,1901-06,Habana,P,,
Miguel Prats,1901-08,Habana,OF,Almendares,
Valentin Gonzalez,1901-12,Habana,IF/OF,,
Jose Acosta,1913-23,Habana,P,,
Pastor Pareda,1908-22,Habana,P,Cuban Stars West,Fe
Lico Mederos,1909-11,Habana,P,Cuban Stars West,Fe
Oscar Tuero,1920-23,Habana,P,Almendares,
Carlos Royer,1901-10,Habana,P,Almendares,
Luis Padron,1901-18,Habana,IF/OF,Cuban Stars West,Long Branch Cubans
Alfredo Arcano,1901-08,Habana,OF,,
Merito Acosta,1912-22,Habana,OF,Marianao,Almendares
Luis Padron,1901-18,Habana,P,Long Branch Cubans,
Juan Viola,1902-12,Habana,P,Almendares,
Fats Jenkins,1920-40,Harrisburg Giants,OF,New York Black Yankees,Bacharach Giants
Bill Johnson,1920-28,Harrisburg Giants,C,Hilldale,Washington Potomacs
Rap Dixon,1922-37,Harrisburg Giants,OF,Baltimore Black Sox,Pittsburgh Crawfords
Darltie Cooper,1923-40,Harrisburg Giants,P,Hilldale Club,Indianapolis ABCs
Judy Johnson,1918-36,Hilldale Club,IF,Pittsburgh Crawfords,
Phil Cockrell,1917-34,Hilldale Club,P,,
Biz Mackey,1920-47,Hilldale Club,IF,Indianapolis ABCs,
Porter Charleston,1927-35,Hilldale Club,P,,
George Carr,1920-34,Hilldale Club,IF,Kanas City  Monarchs,
Nip Winters,1921-32,Hilldale Club,P,Bacharach Giants,
George Johnson,1918-29,Hilldale Club,OF,New York Lincoln Giants,
Louis Santop,1910-26,Hilldale Club,C,New York Lincoln Giants,
Clint Thomas,1920-38,Hilldale Club,IF/OF,New York Black Yankees,
Red Ryan,1919-32,Hilldale Club,P,Bacharach Giants,Baltimore Black Sox
R.T. Walker,1942-48,Homestead Grays,P,,
Roy Partlow,1937-48,Homestead Grays,P,Philadelphia Stars,
Vic Harris,1922-47,Homestead Grays,OF,,
Howard Easterling,1936-46,Homestead Grays,IF,,
Johnny Wright,1937-47,Homestead Grays,P,,
Lefty Williams,1922-35,Homestead Grays,P,,
Josh Gibson,1930-46,Homestead Grays,C,Pittsburgh Crawfords,
Buck Leonard,1933-48,Homestead Grays,IF,,
Louis Dula,1923-38,Homestead Grays,P,,
Ray Brown,1931-45,Homestead Grays,P,,
Edsall Walker,1936-45,Homestead Grays,P,Philadelphia Stars,
Sam Bankhead,1932-48,Homestead Grays,IF/OF,Sultanes de Monterrey,Pittsburgh Crawfords
David Whatley,1937-44,Homestead Grays,OF,Birmingham Black Barons,
Roy Welmaker,1932-45,Homestead Grays,P,Algonoderos de Union Laguna,Philadelphia Stars
Eugene Smith,1929-48,Homestead Grays,P,St. Louis-New Orleans-Harrisburg Stars,New York Black Yankees / Cleveland Buckeyes
George Britt,1917-42,Homestead Grays,P,Baltimore Black Sox,Columbus Buckeyes
Wilmer Fields,1940-48,Homestead Grays,P,,
Tommie Dukes,1928-45,Homestead Grays,C,Alijadores de Tampico,
Jasper Washington,1922-33,Homestead Grays,IF,Pittsburgh Crawfords,
Matt Carlisle,1932-48,Homestead Grays,IF,,
Luis Marquez,1946-48,Homestead Grays,OF,,
Frank Thompson,1945-48,Homestead Grays,P,Birmingham Black Barons,
Steel Arm Johnny Taylor,1907-20,Indianapolis ABCs,P,Birmingham Giants,
Dizzy Dismukes,1909-32,Indianapolis ABCs,P,,
Henry Blackmon,1917-24,Indianapolis ABCs,IF,Baltimore Black Sox,
Fred Hutchinson,1907-25,Indianapolis ABCs,IF,Chicago American Giants,
Morten Clark,1908-23,Indianapolis ABCs,IF,,
Todd Allen,1908-25,Indianapolis ABCs,IF,,
Jim Jeffries,1913-28,Indianapolis ABCs,P,,
Stack Martin,1925-28,Indianapolis ABCs,OF,Detroit Stars,
Ernest Duff,1925-29,Indianapolis ABCs,OF,Cleveland Tigers,Cleveland Hornets
String Bean Williams,1910-25,Indianapolis ABCs,P,Brooklyn Royal Giants,Bacharach Giants
Ben Taylor,1909-26,Indianapolis ABCs,P,Baltimore Black Sox,
George Shively,1911-24,Indianapolis ABCs,OF,Bacharach Giants,
Dicta Johnson,1908-23,Indianapolis ABCs,P,Chicago American Giants,
Ben Taylor,1909-29,Indianapolis ABCs,IF,Baltimore Black Sox,
Oscar Charleston,1915-41,Indianapolis ABCs,IF/OF,Pittsburgh Crawfords,Harrisburg Giants
Anthony Mahoney,1921-23,Indianapolis ABCs,P,Baltimore Black Sox,
Vidal Lopez,1943-45,Industriales de Monterrey,OF,,
Alejandro Uriarte,1943-45,Industriales de Monterrey,IF,,
Epitacio Torres,1940-45,Industriales de Monterrey,OF,Carta Blanca de Monterrey,
Preacher Henry,1937-48,Jacksonville Red Caps,P,Indianapolis Clowns,
Chet Brewer,1925-48,Kanas City Monarchs,P,,
Booker McDaniel,1941-45,Kanas City Monarchs,P,,
Floyd Kranson,1935-40,Kanas City Monarchs,P,,
Bonnie Serrell,1941-45,Kanas City Monarchs,IF,,
Buck O'Neil,1937-48,Kanas City Monarchs,IF,,
Jack Matchett,1940-45,Kanas City Monarchs,P,,
Dobie Moore,1916-26,Kanas City Monarchs,IF,,
William Bell,1923-37,Kanas City Monarchs,P,Pittsburgh Crawfords,
Jesse Williams,1939-45,Kanas City Monarchs,IF,,
Ted Alexander,1938-48,Kanas City Monarchs,P,,
Ted Strong,1936-48,Kanas City Monarchs,IF/OF,,
Bill Drake,1916-30,Kanas City Monarchs,P,St. Louis Stars,
Hilton Smith,1932-48,Kanas City Monarchs,P,,
Hurley McNair,1910-37,Kanas City Monarchs,OF,Detroit Stars,Chicago American Giants
Newt Allen,1922-47,Kanas City Monarchs,IF,,
Sam Crawford,1910-31,Kanas City Monarchs,P,Chicago American Giants,
Frank Bradley,1937-42,Kanas City Monarchs,P,,
Dink Mothell,1920-34,Kanas City Monarchs,IF/OF,,
Tom Young,1926-41,Kanas City Monarchs,C,,
Rube Curry,1920-32,Kanas City Monarchs,P,Chicago American Giants,Hildale Club
Halley Harding,1926-37,Kanas City Monarchs,IF,Detroit Stars,Indianapolis ABCs
Bullet Rogan,1916-38,Kanas City Monarchs,P,,
Willard Brown,1935-48,Kanas City Monarchs,OF,,
George Walker,1937-43,Kanas City Monarchs,P,Homestead Grays,
Herb Souell,1940-48,Kanas City Monarchs,IF,,
Heavy Johnson,1916-32,Kanas City Monarchs,OF,Baltimore Black Sox,
Jim Lamarque,1942-48,Kanas City Monarchs,P,,
Hank Thompson,1943-48,Kanas City Monarchs,OF,,
Joe Greene,1932-48,Kanas City Monarchs,C,Atlanta Black Crackers,Cleveland Buckeyes
Connie Johnson,1940-48,Kanas City Monarchs,P,Pittsburgh Crawfords,
L.D. Livingston,1928-32,Kanas City Monarchs,OF,New York Black Yankees,
George Giles,1927-38,Kanas City Monarchs,IF,St. Louis Stars,
Ed Mayweather,1935-42,Kanas City Monarchs,IF,St. Louis-New Orleans-Harrisburg Stars,
Wade Johnston,1921-33,Kanas City Monarchs,OF,Detroit Stars,
Rainey Bibbs,1933-44,Kanas City Monarchs,IF,Cincinnati Tigers,Chicago American Giants
Army Cooper,1928-32,Kanas City Monarchs,P,,
Ford Smith,1941-48,Kanas City Monarchs,P,,
Bullet Rogan,1916-38,Kanas City Monarchs,OF/P,,
Newt Joseph,1922-35,Kanas City Monarchs,IF,,
Satchel Page,1927-47,Kanas City Monarchs,P,Birmingham Black Barons,Pittsburgh Crawfords
Chico Renfroe,1945-48,Kanas City Monarchs,IF,Cleveland Buckeyes,
Carlos Colas,1941-45,La Junta de Nuevo Laredo,C/OF,Union Lagunna de Torreon,
Kelo Cruz,1942-45,La Junta de Nuevo Laredo,IF,Sultanes de Monterrey,
Carlos Blanco,1941-45,La Junta de Nuevo Laredo,IF,Algonoderos de Union Laguna,New York Cubans
Gerardo Ballesteros,1914-16,Long Branch Cubans,P,Habana,
Joe Scott,1927-38,Louisville Black Caps,IF,Indianapolis ABCs,
Jesse Petty,1922-23,Marianao,P,Almendares,
Neil Robinson,1932-48,Memphis Red Sox,OF,,
Fred Bankhead,1937-48,Memphis Red Sox,C,,
Felix Evans,1937-48,Memphis Red Sox,P,,
Square Moore,1923-28,Memphis Red Sox,P,,
Willie Hutchinson,1939-46,Memphis Red Sox,P,,
Nat Rogers,1923-45,Memphis Red Sox,OF,Chicago American Giants,
Porter Moss,1932-44,Memphis Red Sox,P,Cincinnati Tigers,
Jelly Taylor,1936-46,Memphis Red Sox,C,Cincinnati Tigers,
Lefty Wilson,1936-40,Memphis Red Sox,P,,
Cliff Bell,1921-31,Memphis Red Sox,P,Kanas City  Monarchs,
Carl Glass,1923-30,Memphis Red Sox,P,,
Ted Radcliffe,1929-46,Memphis Red Sox,P,Homestead Grays,Pittsburgh Crawfords
Verdell Mathis,1940-48,Memphis Red Sox,P,Alijadores de Tampico,
Steel Arm Tyler,1925-30,Memphis Red Sox,P,Detroit Stars,
Earl Gurley,1922-32,Memphis Red Sox,OF,Indianapolis ABCs,
Lloyd Davenport,1935-45,Memphis Red Sox,OF,Chicago American Giants,
Elbert Williams,1929-35,Monroe Monarchs,P,Newark Eagles,
Thad Christopher,1935-45,New York Black Yankees,OF,Newark Eagles,Algonoderos de Union
Harry Williams,1931-46,New York Black Yankees,IF,Newark Eagles,Pittsburgh Crawfords
Walter Cannady,1921-45,New York Black Yankees,IF,Homestead Grays,Harrisburg Giants
Jim Starks,1927-46,New York Black Yankees,IF,Newark Dodgers,Pittsburgh Crawfords
Bill Holland,1919-41,New York Black Yankees,P,Detroit Stars,New York Lincoln Giants
Patricio ScantleBury,1944-48,New York Cubans,P,,
Tetelo Vargas,1927-43,New York Cubans,OF,,
Dave Thomas,1929-46,New York Cubans,IF,Birmingham Black Barons,Baltimore Black Sox
Pancho Coimbre,1940-45,New York Cubans,OF,Puebla,
Dave Barnhill,1941-48,New York Cubans,P,,
Minnie Minoso,1946-48,New York Cubans,IF,,
Clemente Carreras,1937-43,New York Cubans,C,Alijadores de Tampico,
"Luis Tiant, SR.",1930-47,New York Cubans,P,,
Barney Morris,1932-48,New York Cubans,P,Pittsburgh Crawfords,Sultanes de Monterrey
Silvino Ruiz,1928-42,New York Cubans,P,Cuban Stars East,
Johnny Taylor,1935-45,New York Cubans,P,Azules de Veracruz,Pittsburgh Crawfords
Ameal Brooks,1929-47,New York Cubans,C,New York Black Yankees,
Jules Thomas,1908-26,New York Lincoln Giants,OF,Brooklyn Royal Giants,
Doc Wiley,1909-23,New York Lincoln Giants,C,,
Spottswood Poles,1909-23,New York Lincoln Giants,OF,Fe,
Joe Williams,1907-32,New York Lincoln Giants,P,Pittsburgh Crawfords,
William Parks,1909-22,New York Lincoln Giants,IF,Chicago American Giants,Chicago Giants
Bill Pettus,1909-23,New York Lincoln Giants,IF/C,Bacharach Giants,
Ad Lankford,1912-20,New York Lincoln Giants,P,New York Lincoln Stars,
Bill Pierce,1910-26,New York Lincoln Giants,IF/C,Chicago American Giants,Detroit Stars
John Henry Lloyd,1906-32,New York Lincoln Giants,IF,Habana,Chicago American Giants
Robert Hudspeth,1920-32,New York Lincoln Giants,IF,Columbus Buckeyes,Brooklyn Royal Giants
Tom Finley,1922-33,New York Lincoln Giants,IF,Baltimore Black Sox,Brooklyn Royal Giants
Charlie Smith,1924-31,New York Lincoln Giants,IF/OF,Brooklyn Royal Giants,Habana
Blainey Hall,1914-25,New York Lincoln Giants,OF,Baltimore Black Sox,
Larry Doby,1942-47,Newark Eagles,IF,,
Max Manning,1939-48,Newark Eagles,P,,
Lennie Pearson,1937-48,Newark Eagles,IF/OF,,
Johnny Davis,1941-48,Newark Eagles,OF,,
Rufus Lewis,1946-48,Newark Eagles,P,,
Leniel Hooker,1940-48,Newark Eagles,P,,
Charlie Parks,1938-47,Newark Eagles,C,,
Monte Irvin,1938-48,Newark Eagles,IF,,
Ed Stone,1933-46,Newark Eagles,OF,,
Leon Day,1934-46,Newark Eagles,P,,
Bob Harvey,1943-48,Newark Eagles,OF,,
Jimmy Hill,1938-45,Newark Eagles,P,,
Terris McDuffie,1930-45,Newark Eagles,P,New York Black Yankees,Homestead Grays
Danny McClellan,1903-13,Philadelphia Giants,P,Cuban X Giants,
Robert Davis,1907-09,Philadelphia Giants,P,Cuban Giants,
Roy Parnell,1927-43,Philadelphia Stars,OF,,
Goose Curry,1928-47,Philadelphia Stars,OF,Baltimore Elite Giants,
Marvin Williams,1943-45,Philadelphia Stars,IF,,
Jim West,1930-48,Philadelphia Stars,C,Baltimore Elite Giants,
Henry Miller,1938-48,Philadelphia Stars,P,,
Bill Ricks,1944-48,Philadelphia Stars,P,,
Henry McHenry,1930-48,Philadelphia Stars,P,Alijadores de Tampico,
Sam Thompson,1932-42,Philadelphia Stars,P,Indianapolis ABCs,
Jake Dunn,1930-40,Philadelphia Stars,IF/OF,,
Slim Jones,1932-38,Philadelphia Stars,P,Baltimore Black Sox,
Bus Clarkson,1938-46,Philadelphia Stars,IF,Pittsburgh Crawfords,Alijadores de Tampico
Frank Austin,1944-48,Philadelphia Stars,IF,,
Bill Cash,1943-48,Philadelphia Stars,C,,
Bill Cooper,1937-46,Philadelphia Stars,C,Atlanta Black Crackers,
Henry Spearman,1935-45,Philadelphia Stars,IF,Homestead Grays,Baltimore Elite Giants
Webster McDonald,1922-40,Philadelphia Stars,P,Chicago American Giants,
Barney Brown,1931-48,Philadelphia Stars,P,Azules de Veracruz,New York Black Yankees
Pat Patterson,1934-47,Philadelphia Stars,IF,Newark Eagles,Pittsburgh Crawfords
Clarence Palm,1927-46,Philadelphia Stars,IF/C,St. Louis Stars,Detroit Stars
Bill Perkins,1928-48,Pittsburgh Crawfords,C,Birmingham Black Barons,
Chester Williams,1930-42,Pittsburgh Crawfords,IF,Homestead Grays,
Bert Hunter,1931-44,Pittsburgh Crawfords,P,Puebla,Rojas del Aguila de Veracruz
Luis Cabrera,1945-48,Puebla,P,,
Roberto Avila,1943-45,Puebla,IF,,
Conrado Perez,1944-45,Puebla,IF/OF,,
Carlos Galina,1940-44,Puebla,IF,,
Pedro Pages,1939-47,Puebla,IF/OF,Alijadores de Tampico,
Cocaina Garcia,1927-45,Puebla,P,Alijadores de Tampico,Cuban Stars West
Alberto Hernandez,1941-45,Puebla,OF,New York Cubans,
Aurelio Calvo,1904-05,Punzo,P,Azul,
Jacinto Roque,1940-44,Rojas del Aguila de Veracruz,OF,Puebla,
Salvador Rosado,1901-04,San Francisco,P,Fe,Almendares
Doc Dudley,1920-23,St. Louis Giants,OF,,
Roosevelt Davis,1924-45,St. Louis Stars,P,,
Sam Bennett,1907-25,St. Louis Stars,OF,,
Ted Trent,1927-39,St. Louis Stars,P,Chicago American Giants,
Logan Hensley,1922-39,St. Louis Stars,P,,
Willie Bobo,1923-30,St. Louis Stars,IF,,
Wesley Pryor,1907-14,St. Louis Stars,IF,Chicago American Giants,
John Williams,1926-30,St. Louis Stars,P,,
Branch Russell,1922-36,St. Louis Stars,IF/OF,,
Candy Jim Taylor,1907-42,St. Louis Stars,IF,Indianapolis ABCs,
Bill Gatewood,1906-27,St. Louis Stars,P,Chicago American Giants,
Dan Kennard,1913-25,St. Louis Stars,C,Indianapolis ABCs,
Cool Papa Bell,1922-46,St. Louis Stars,OF,Pittsburgh Crawfords,Homestead Grays
Lee Wade,1909-18,St. Louis Stars,P,Chicago American Giants,
Arthur Gillard,1909-14,St. Louis Stars,P,Chicago American Giants,
Joe Hewitt,1911-32,St. Louis Stars,IF,Detroit Stars,
Charlie Blackwell,1915-29,St. Louis Stars,OF,,
Mitchell Murray,1919-32,St. Louis Stars,C,,
Willie Wells,1924-48,St. Louis Stars,IF,Azules de Veracruz,Newark Eagles
Luther McDonald,1927-35,St. Louis Stars,P,Chicago American Giants,
Otto Ray,1920-24,St. Louis Stars,C,Kanas City  Monarchs,Chicago Giants
Mule Suttles,1923-44,St. Louis Stars,IF/OF,Newark Eagles,Birmingham Black Barons
Wilson Redus,1924-40,St. Louis Stars,OF,Chicago American Giants,
Dewey Creacy,1924-38,St. Louis Stars,IF,Philadelphia Stars,
Buddy Armour,1933-47,St. Louis-New Orleans-Harrisburg Stars,OF,Cleveland Buckeyes,
Marshall Riddle,1937-43,St. Louis-New Orleans-Harrisburg Stars,IF,Cleveland Buckeyes,
John Lyles,1932-43,St. Louis-New Orleans-Harrisburg Stars,IF,Cleveland Buckeyes,
Lefty Calhoun,1932-46,St. Louis-New Orleans-Harrisburg Stars,P,Philadelphia Stars,New York Black Yankees / Memphis Red Sox
Frank McAllister,1937-43,St.Louis-New Orleans-Harrisburg Stars,P,New York Black Yankees,
Leslie Green,1939-46,Sultanes de Monterrey,OF,St.Louis-New Orleans-Harrisburg Stars,
Lazaro Salazar,1930-45,Sultanes de Monterrey,IF/OF,,
Claro Duany,1944-47,Sultanes de Monterrey,OF,New York Cubans,
Heberto Blanco,1941-45,Sultanes de Monterrey,IF,New York Cubans,
Anastasio Santaella,1935-44,Sultanes de Monterrey,IF,Diablos Rojos del Mexico,New York Cubans
Lazaro Salazar,1930-45,Sultanes de Monterrey,P,,
Willie Jefferson,1937-46,Sultanes de Monterrey,P,Cleveland Buckeyes,Memphis Red Sox
Woody Arkeketa,1940-42,Union Laguna de Torreon,IF,,
